{"cameraMode":{"drawMode":0,"name":"Shaded","section":"Shading Mode"},"sceneLighting":true,"audioPlay":false,"sceneViewState":{"showFog":true,"showMaterialUpdate":false,"showSkybox":true,"showFlares":true,"showImageEffects":true,"showParticleSystems":true},"in2DMode":false,"pivot":{"x":-0.6581516265869141,"y":0.6589013338088989,"z":-1.7809133529663087},"rotation":{"x":-0.03546678274869919,"y":-0.962861955165863,"z":0.216131791472435,"w":-0.15794607996940614},"size":7.26655387878418,"orthographic":false}