{"cameraMode":{"drawMode":1,"name":"Wireframe","section":"Shading Mode"},"sceneLighting":false,"audioPlay":false,"sceneViewState":{"showFog":true,"showMaterialUpdate":false,"showSkybox":false,"showFlares":true,"showImageEffects":true,"showParticleSystems":true},"in2DMode":false,"pivot":{"x":2.7807211875915529,"y":0.304473876953125,"z":-2.8649628162384035},"rotation":{"x":0.0018041660077869893,"y":0.8950708508491516,"z":-0.003804687410593033,"w":0.446052610874176},"size":7.466943264007568,"orthographic":false}